c0e90a,127.0.0.1,GET,http://localhost2/,1416297142,
581ac8,127.0.0.1,GET,http://localhost2/,1416297341,
c04a47,127.0.0.1,GET,http://localhost2/article/1,1416297488,
d74996,127.0.0.1,GET,http://localhost2/,1416297582,
4028a0,127.0.0.1,GET,http://localhost2/,1416297583,
66ee23,127.0.0.1,GET,http://localhost2/,1416297905,
662609,127.0.0.1,GET,http://localhost2/dummy,1416297912,
e3864f,127.0.0.1,GET,http://localhost2/images/404-ghost.png,1416297913,
ee6921,127.0.0.1,GET,http://localhost2/dummy,1416298514,
3747dc,127.0.0.1,GET,http://localhost2/dummy,1416298515,
96542a,127.0.0.1,GET,http://localhost2/dummy,1416298516,
e2bc51,127.0.0.1,GET,http://localhost2/dummy,1416298517,
ec07b2,127.0.0.1,GET,http://localhost2/dummy,1416298528,
067356,127.0.0.1,GET,http://localhost2/dummy,1416298531,
3f14ef,127.0.0.1,GET,http://localhost2/dummy,1416298640,
